datetime,o,h,l,c,v,ma_10,ema_10,rsi_14,BBL_20_2.0,BBM_20_2.0,BBU_20_2.0,BBB_20_2.0,BBP_20_2.0,ret_1,roll_std_10,roll_mean_10
2023-06-05 04:00:00,182.63,184.951,178.035,179.58,121722517.0,176.119,177.13785934295808,67.5964007776669,168.97838105326196,174.66875,180.359118946738,6.515611918832686,0.9315405596692782,-0.0075711522520032,0.0099563411166698,0.0025397837134394
2023-06-06 04:00:00,179.965,180.12,177.43,179.21,64845314.0,176.62,177.51461218969297,65.6621751830297,168.9621174288697,174.95425,180.9463825711303,6.849942280487954,0.8551114690372448,-0.0020603630693841,0.0097057933483775,0.0028818177421941
2023-06-07 04:00:00,178.44,181.21,177.32,177.82,61944615.0,177.246,177.57013724611244,58.84940991564201,169.32764865578258,175.25675,181.18585134421744,6.766188856312158,0.7161583898797652,-0.0077562636013616,0.0083678610478573,0.0036216908080051
2023-06-08 04:00:00,177.895,180.84,177.46,180.57,50210681.0,178.119,178.11556683772835,66.29929710134424,169.30439957243257,175.60750000000002,181.91060042756743,7.178623267875738,0.8936554761443929,0.0154650770442019,0.0091126405873184,0.005004990305384
2023-06-09 04:00:00,181.5,182.23,180.63,180.96,48869360.0,178.916,178.6327365035959,67.20603984802696,169.31600601323177,175.96800000000002,182.61999398676824,7.560458704728412,0.8752258352856137,0.002159827213823,0.0091320905158045,0.0045517458386844
2023-06-12 04:00:00,181.27,183.89,180.97,183.79,54754995.0,179.752,179.57042077566936,72.90332162604967,169.25455184223566,176.529,183.8034481577644,8.241646593777045,0.9990756578731,0.0156388152077806,0.0093213105937594,0.0047051412041934
2023-06-13 04:00:00,182.8,184.15,182.44,183.31,54867129.0,180.353,180.2503442710021,70.66102405125784,169.549509696353,177.09099999999998,184.63249030364696,8.517079132928249,0.9123190344083968,-0.0026116763697697,0.0093241036160744,0.003378021335557
2023-06-14 04:00:00,183.37,184.39,182.02,183.95,57462782.0,181.023,180.92300894900177,71.90194908587323,169.95002617974686,177.685,185.41997382025315,8.706389194645745,0.9049787462496512,0.0034913534449838,0.0092354593148007,0.0037553574696775
2023-06-15 04:00:00,183.96,186.52,183.78,186.01,65433166.0,181.615,181.8479164128196,75.494739248142,170.17012498567533,178.351,186.53187501432467,9.173904283491172,0.9681039611648584,0.0111986952976352,0.0086296340430077,0.0032729702998642
2023-06-16 04:00:00,186.73,186.99,184.27,184.92,101151225.0,182.012,182.4064770650342,70.36763031506872,170.33547073691705,178.84449999999998,187.3535292630829,9.515561577887985,0.85700312057681,-0.005859900005376,0.0090681148888024,0.0022094412910529
2023-06-20 04:00:00,184.41,186.1,184.41,185.01,49799092.0,182.555,182.87984487139164,70.54550255224476,170.60081524920625,179.33700000000002,188.07318475079376,9.742757769778423,0.8246840675779279,0.0004866969500325,0.0084386104264364,0.0030152262112565
2023-06-21 04:00:00,184.9,185.41,182.5901,183.96,49515697.0,183.03,183.0762367129568,65.59823485638705,171.2014844755748,179.825,188.4485155244252,9.59100850763263,0.7397514092882463,-0.0056753688989783,0.0087518209119394,0.0026537256282971
2023-06-22 04:00:00,183.74,187.045,183.67,187.0,51245327.0,183.948,183.789648219692,71.7707759220535,172.31357293144904,180.597,188.8804270685509,9.173382800988872,0.8864946203431795,0.0165253315938247,0.0089096908117628,0.0050818851478157
2023-06-23 04:00:00,185.55,187.56,185.01,186.68,53112346.0,184.559,184.3151667252025,70.34008045837614,173.69200869622549,181.339,188.9859913037745,8.433918025107134,0.8492223142298932,-0.001711229946524,0.0083218353998161,0.0033642544487431
2023-06-26 04:00:00,186.83,188.05,185.23,185.27,48088661.0,184.99,184.48877277516567,64.26147358845871,175.16198505376383,181.953,188.7440149462361,7.464581453711864,0.744219754061829,-0.0075530319262909,0.0090159059035648,0.0023929685347317
2023-06-27 04:00:00,185.89,188.39,185.67,188.06,50730846.0,185.417,185.13808681604465,69.81924920597943,175.9911776963352,182.5845,189.1778223036648,7.222214704605037,0.9152307249530744,0.0150591029308575,0.0089226548937697,0.0023349973070394
2023-06-28 04:00:00,187.93,189.9,187.6,189.25,51216801.0,186.011,185.8857073949456,71.83138507072151,176.44817018332034,183.182,189.91582981667963,7.352064959089479,0.9505608372348244,0.0063277677337019,0.0088192038082754,0.0032289417173866
2023-06-29 04:00:00,189.08,190.07,188.94,189.59,46347308.0,186.575,186.5592151413191,72.39761204844896,177.09105873609465,183.799,190.50694126390536,7.299214102258831,0.9316525571832812,0.001796565389696,0.0088298786557738,0.0030594629118578
2023-06-30 04:00:00,191.63,194.48,191.26,193.97,85068452.0,187.371,187.9066305701701,78.41661437813605,176.682209771092,184.493,192.303790228908,8.46730253061958,1.1066607681336338,0.0231024843082441,0.0106614903964721,0.0042498418129187
2023-07-03 04:00:00,193.78,193.88,191.76,192.46,31458198.0,188.125,188.73451592104828,72.54355726836158,176.70981044959768,185.0685,193.42718955040232,9.033076455909372,0.9421446660645652,-0.0077847089756147,0.0108794374923963,0.0040573609158948
2023-07-05 04:00:00,191.565,192.98,190.62,191.33,46896861.0,188.757,189.2064221172213,68.41414521720847,177.2712748405207,185.656,194.0407251594793,9.032538845476903,0.8383533683024362,-0.0058713498908864,0.0112893589155801,0.0034215562318029
2023-07-06 04:00:00,189.84,192.02,189.2,191.81,45155523.0,189.542,189.67979991409013,69.215759224395,178.04099084293983,186.286,194.53100915706017,8.851990119558279,0.8349905315308124,0.002508754507918,0.010844495762476,0.0042399685724926
2023-07-07 04:00:00,191.41,192.67,190.24,190.68,46757498.0,189.91000000000005,189.86165447516464,65.03150233833787,179.4555004181437,186.929,194.4024995818563,7.996083627319772,0.7509533826098322,-0.0058912465460612,0.0103273578031233,0.001998310758504
2023-07-10 04:00:00,189.26,189.99,187.035,188.61,59912163.0,190.103,189.6340809342256,58.10229972894715,180.425599504735,187.331,194.23640049526503,7.372405523127526,0.5926086764176095,-0.0108558842039018,0.0110704613899841,0.0010838453327662
2023-07-11 04:00:00,189.16,189.3,186.6,188.08,46638119.0,190.384,189.3515207643664,56.44398355191135,181.42825539744533,187.687,193.94574460255464,6.6693426849538096,0.5313960726117175,-0.0028100312814802,0.0107564608970684,0.0015581453972473
2023-07-12 04:00:00,189.68,191.7,188.47,189.77,60750218.0,190.555,189.427607898118,60.33185115800984,181.93251042786008,187.986,194.03948957214,6.440362124987964,0.6473530249569208,0.0089855380689067,0.010058244533344,0.0009507889110522
2023-07-13 04:00:00,190.5,191.19,189.78,190.54,41337338.0,190.68400000000003,189.62986100755103,61.99632734723942,182.5982743999729,188.34750000000005,194.0967256000272,6.104913099485899,0.6906778540739149,0.00405754334194,0.0099484179523325,0.000723766471876
2023-07-14 04:00:00,190.23,191.1799,189.63,190.69,41616242.0,190.794,189.82261355163263,62.32794692294495,183.222890438707,188.6845,194.14610956129303,5.789144907284929,0.683599722526228,0.0007872362758476,0.009941442071565,0.0006228335604912
2023-07-17 04:00:00,191.9,194.32,191.81,193.99,50520159.0,190.796,190.5803201786085,68.78193224959169,183.30496636247503,189.0835,194.86203363752497,6.112150068646876,0.9245454217085364,0.017305574492632,0.008557707150656,4.3142578930011055e-05
2023-07-18 04:00:00,193.35,194.33,192.415,193.73,48153774.0,190.923,191.1529892370433,67.79642556821375,183.73899040623027,189.524,195.30900959376973,6.104777857970208,0.8635257584127187,-0.0013402752719213,0.0081349361637967,0.0006875859492993
2023-07-19 04:00:00,193.1,198.23,192.65,195.1,80492323.0,191.3,191.8706275575809,70.21786149911988,184.1470570648005,190.0285,195.90994293519947,6.190064053759818,0.9311441984455808,0.007071697723636,0.0080040244956161,0.0019818907107515
2023-07-20 04:00:00,195.09,196.47,192.495,193.13,59581196.0,191.432,192.09960436529343,62.89447821365273,185.16637935951,190.487,195.80762064049003,5.586334648023261,0.7483732799785344,-0.01009738595592,0.0088588909183413,0.0007212766643677
2023-07-21 04:00:00,194.1,194.97,191.23,191.94,71451683.0,191.558,192.07058538978552,58.89840774169815,185.6295533110817,190.734,195.83844668891825,5.352424516780724,0.6181322945950476,-0.0061616527727437,0.0088817007705775,0.0006942360416995
2023-07-24 04:00:00,193.41,194.91,192.25,192.75,45345097.0,191.972,192.1941153189154,60.72748510128064,186.2195341429179,191.0375,195.85546585708207,5.0440001121058735,0.6777202299475338,0.004220068771491,0.007932067547071,0.0022018313392388
2023-07-25 04:00:00,193.33,194.44,192.915,193.62,37283201.0,192.526,192.45336707911247,62.65005572767176,187.30811924453937,191.455,195.6018807554606,4.331963913672262,0.7610395774160069,0.0045136186770429,0.0077540044782354,0.0029341963350911
2023-07-26 04:00:00,193.67,195.64,193.32,194.5,47471868.0,192.999,192.8254821556376,64.54095637480883,187.7358264080827,191.777,195.8181735919173,4.214450733839095,0.8369070813298211,0.0045449850222083,0.0074916644146494,0.0024901410304213
2023-07-27 04:00:00,196.02,197.2,192.55,193.22,47439680.0,193.267,192.89721267279435,59.79872583023998,188.06234539022407,191.9755,195.88865460977587,4.07672292534814,0.6590149283765805,-0.0065809768637532,0.0079835660365715,0.0014262890098519
2023-07-28 04:00:00,194.67,196.626,194.14,195.83,47691443.0,193.781,193.43044673228627,65.38394323124203,188.1940033284476,192.2875,196.3809966715524,4.257683595191963,0.9326985318711154,0.0135079184349446,0.0088381228880084,0.0026983572257616
2023-07-31 04:00:00,196.06,196.49,195.26,196.45,38824113.0,194.027,193.9794564173251,66.57202464823091,187.98495157035296,192.4115,196.83804842964705,4.601126678651773,0.956168057820394,0.0031660113363629,0.0072254713426602,0.0012844009101347
2023-08-01 04:00:00,196.235,196.73,195.28,195.605,35281426.0,194.2145,194.27500979599327,63.37927001182974,187.928207063014,192.56875,197.209292936986,4.819622017576589,0.8271438322227886,-0.0043013489437515,0.0074034661983648,0.0009882935429517
2023-08-02 04:00:00,195.04,195.18,191.8507,192.58,50388811.0,193.9625,193.9668261967217,53.48931783448624,188.0255862313331,192.63125,197.23691376866688,4.78184486542748,0.4944361982795353,-0.0154648398558318,0.0086680130066975,-0.001265360214995
2023-08-03 04:00:00,191.57,192.37,190.69,191.17,62243282.0,193.7665,193.4583123427723,49.6038712118797,187.96241888920773,192.59925,197.23608111079224,4.815004327163506,0.3458807355875607,-0.0073216325682834,0.0083938689318152,-0.0009877848762313
2023-08-04 04:00:00,185.52,187.38,181.92,181.99,115956841.0,192.7715,191.3731646440864,32.86526536178997,185.644046452835,192.16475,198.685453547165,6.786576151104715,-0.2801880522864482,-0.048020086833708,0.0171404945767019,-0.0051736282823278
2023-08-07 04:00:00,182.13,183.13,177.35,178.85,97105069.0,191.3815,189.09622561788888,29.23172635732797,183.04562824497825,191.67675,200.3078717550217,9.005914128888092,-0.2430523148707266,-0.0172536952579812,0.0171779678291167,-0.007321004685275
2023-08-08 04:00:00,179.69,180.27,177.58,179.8,67769003.0,189.9995,187.4060027782727,31.692325258158498,181.29105030787085,191.26275,201.2344496921292,10.42722609826447,-0.0747641000985894,0.0053117137265865,0.0172408003726889,-0.0072411951803206
2023-08-09 04:00:00,180.87,180.93,177.01,178.19,60303492.0,188.3685,185.73036590949584,29.801189209085987,179.20213300804244,190.68375,202.1653669919575,12.04257519789446,-0.0440762398167175,-0.0089543937708566,0.0167365350863926,-0.0085911330596271
2023-08-10 04:00:00,179.48,180.75,177.6,177.97,54686851.0,186.8435,184.3193902895875,29.541779155040185,177.3049074653852,190.05525,202.8055925346148,13.417511523217367,0.0260813594932522,-0.0012346371850272,0.0168925474334019,-0.0080564990917545
2023-08-11 04:00:00,177.32,178.62,176.55,177.79,51036672.0,185.0395,183.1322284187534,29.3169223201064,175.5930931017808,189.41025,203.2274068982192,14.589661222894955,0.0794992383166157,-0.0010114064168118,0.0153902984492946,-0.0095084315769302
2023-08-14 04:00:00,177.97,179.69,177.305,179.46,43675627.0,183.3405,182.4645505244346,34.31244775261455,174.38657235019775,188.68375,202.98092764980225,15.1546464916054,0.1774275935457942,0.0093931042240846,0.0160710245165941,-0.008885722288158
2023-08-15 04:00:00,178.88,179.48,177.05,177.45,43574863.0,181.525,181.55281406544648,31.43295977590028,172.97326032121984,187.86975,202.76623967878007,15.858316390776238,0.1502615641441083,-0.0112002674690739,0.0160002833095349,-0.0095756141406903
2023-08-16 04:00:00,177.13,178.54,176.5,176.57,45712957.0,179.924,180.6468478717289,30.23658405021479,171.6607972272936,186.94325,202.22570277270643,16.349831055902172,0.160615669674241,-0.0049591434206818,0.0159153086697978,-0.0085250444971753
2023-08-17 04:00:00,177.14,177.5054,173.48,174.0,66054482.0,178.20700000000002,179.43833007686908,27.004028424806343,169.99474691251902,185.98675,201.97875308748087,17.196927294531445,0.125226748193177,-0.0145551339412131,0.0160185825240415,-0.0092483946344682
2023-08-18 04:00:00,172.3,175.1,171.96,174.49,60171878.0,177.45700000000002,178.5386336992565,28.57196900311144,168.62043440899745,185.11425,201.60806559100257,17.82014684553196,0.1779323152553145,0.0028160919540229,0.0087764260505898,-0.0041647767556951
2023-08-21 04:00:00,175.07,176.13,173.735,175.84,46161959.0,177.156,178.0479730266644,32.85143717014383,167.69383284334438,184.26875,200.84366715665564,17.989938236033648,0.2457377940312824,0.0077368330563356,0.0081724929285767,-0.0016657239242634
2023-08-22 04:00:00,177.06,177.68,176.25,177.23,42057245.0,176.899,177.89925065817997,37.03445579429334,167.18698746522347,183.44925,199.7115125347765,17.729440196432027,0.3087827574207381,0.0079049135577797,0.0084547604152497,-0.0014064039411441
2023-08-23 04:00:00,178.52,181.55,178.325,181.12,52722752.0,177.19199999999998,178.48484144760178,46.987401849847146,167.30988462777964,182.78025,198.25061537222035,16.927830410802436,0.4463409570474254,0.0219488799864584,0.0107307588376747,0.0016839234345873
2023-08-24 04:00:00,180.674,181.104,176.01,176.38,54912798.0,177.033,178.10214300258326,38.915363691333454,167.0087050387497,181.93825,196.86779496125027,16.411661606342026,0.3138506560505878,-0.0261704946996467,0.0139104819854127,-0.0008096623168745
2023-08-25 04:00:00,177.38,179.15,175.82,178.61,51439994.0,177.11499999999998,178.1944806384772,43.80638910473425,167.52935958303868,181.07725,194.6251404169613,14.963658236428165,0.4089433880823578,0.0126431568205012,0.0145442104324838,0.0005557940068567
2023-08-28 04:00:00,180.09,180.59,178.545,180.19,43803238.0,177.188,178.55730234057222,47.04186042189156,168.69728787721294,180.26425,191.83121212278704,12.833340080228954,0.4967904278058569,0.008846089244723,0.0145082640613167,0.0005010925089205
2023-08-29 04:00:00,179.695,184.9,179.5,184.12,52953948.0,177.85500000000002,179.5687019150136,54.11823589667452,170.28887240805713,179.69,189.0911275919429,10.463718172344446,0.7356100348960634,0.0218103113380321,0.0152847007207657,0.0038021503896311
2023-08-30 04:00:00,184.94,187.85,184.74,187.65,60803988.0,178.963,181.0380288395565,59.36985649812828,171.2227913322519,179.44350000000003,187.66420866774817,9.162447976937743,0.9991358003109934,0.0191722789485118,0.0156483819299853,0.0062152926265505
2023-08-31 04:00:00,187.84,189.12,187.48,187.87,60794467.0,180.35,182.28020541418263,59.67960603191223,171.9184612093421,179.2785,186.63853879065792,8.210732230198166,1.0836586086275235,0.0011723954169997,0.0140361888928746,0.0077880455623718
2023-09-01 04:00:00,189.485,189.92,188.28,189.46,45393903.0,181.847,183.585622611604,61.93806544487565,171.1153552258519,179.652,188.1886447741481,9.503534359927052,1.074464573581769,0.0084632990897961,0.013927103621386,0.0083527662759491
2023-09-05 04:00:00,188.28,189.98,187.61,189.7,45280027.0,183.233,184.6973275913124,62.28149745092522,170.61530906339212,180.1945,189.7736909366079,10.632056956908103,0.9961535928714874,0.0012667581547554,0.0141080114669597,0.0077057587857911
2023-09-06 04:00:00,188.4,188.85,181.47,182.91,81753366.0,183.801,184.37235893834645,48.85161891019803,170.70075961538987,180.35,189.9992403846101,10.700571538242444,0.6326529290369336,-0.0357933579335792,0.0196991355917962,0.0033359316366551
2023-09-07 04:00:00,175.18,178.21,173.54,177.56,112416703.0,183.445,183.13374822228343,41.29571067839305,170.63719993234432,180.31850000000003,189.9998000676557,10.737999781115873,0.3575346296095135,-0.0292493576075665,0.020938366600731,-0.0017838921227472
2023-09-08 04:00:00,178.35,180.239,177.79,178.18,65402066.0,183.625,182.23306672732284,42.40743404354615,170.65746051551304,180.329,190.0005394844869,10.72654923444035,0.3889008309666227,0.0034917774273486,0.0191220583165215,0.0011823350899522
2023-09-11 04:00:00,180.07,180.3,177.34,179.36,58953052.0,183.7,181.7106909587187,44.55937340691313,170.79435717364032,180.4075,190.02064282635968,10.65714321894564,0.4455172975726683,0.0066225165562914,0.018813406440539,0.0005802710635312
2023-09-12 04:00:00,179.49,180.13,174.82,176.3,90316192.0,183.311,180.7269289662244,40.349001178745546,170.47671027546428,180.2495,190.02228972453568,10.843624780690876,0.2979338494266226,-0.0170606601248884,0.0193254613104988,-0.0020104038734299
2023-09-13 04:00:00,176.51,177.3,173.98,174.21,84267928.0,182.32,179.5420327905472,37.72694157482947,170.0311529992253,180.0875,190.1438470007747,11.16828985995664,0.2077716192794851,-0.0118547929665343,0.0175670546839481,-0.0053769143038865
2023-09-14 04:00:00,174.0,176.1,173.58,175.74,60345757.0,181.129,178.8507541013568,40.76182005416231,169.92528777209873,180.046,190.1667122279013,11.242362760518162,0.2872679361374886,0.008782503874634,0.0162085169094024,-0.0064158918112743
2023-09-15 04:00:00,176.48,176.495,173.82,175.01,109259461.0,179.84300000000002,178.15243517383738,39.76602625452166,170.08750149865182,180.0965,190.10549850134817,11.115150490262913,0.2459036486360314,-0.0041538636622283,0.0160178440369616,-0.0069485177191971
2023-09-18 04:00:00,176.48,179.38,176.17,177.97,67257573.0,178.69400000000002,178.11926514223055,45.57220165866711,170.54030067007926,180.27050000000003,190.0006993299208,10.795109937478138,0.3817855666673808,0.0169133192389006,0.017107064265127,-0.0061035157042866
2023-09-19 04:00:00,177.52,179.63,177.13,179.07,51826941.0,177.63100000000003,178.2921260254614,47.59389901522758,170.89602474835473,180.432,189.96797525164524,10.57015967416562,0.4285862240589914,0.0061808169916277,0.0174101947322765,-0.0056121098205994
2023-09-20 04:00:00,179.26,179.695,175.4,175.49,58436181.0,176.889,177.78264856628658,42.11149473454188,170.66312724727337,180.345,190.02687275272663,10.737057032605987,0.2492737136711122,-0.0199921818283351,0.0149031873630427,-0.004031992210075
2023-09-21 04:00:00,174.55,176.3,173.86,173.93,62449116.0,176.526,177.08216700877992,39.95184713231369,169.9191193694064,179.9855,190.0518806305936,11.185768443117489,0.1992215860785058,-0.0088893954071457,0.0122255242302945,-0.0019959959900329
2023-09-22 04:00:00,174.67,177.079,174.05,174.79,56688985.0,176.187,176.66540937081993,41.726097381020445,169.7027918770619,179.906,190.1092081229381,11.34282138776705,0.2492945386217006,0.0049445179095037,0.0123063444114903,-0.0018507219418174
2023-09-25 04:00:00,174.2,176.97,174.15,176.08,46172740.0,175.859,176.5589713033981,44.3808001408692,169.45316575206914,179.7795,190.1058342479309,11.487777247050827,0.3208706056197395,0.0073802849133246,0.0123665018434367,-0.0017749451061141
2023-09-26 04:00:00,174.82,175.2,171.66,171.96,64548945.0,175.425,175.72279470278028,38.36888112843924,168.49826844857753,179.368,190.23773155142248,12.120034288638395,0.1592372146011948,-0.0233984552476147,0.0133594729316198,-0.0024087246183867
2023-09-27 04:00:00,172.62,173.04,169.05,170.43,66920708.0,175.047,174.76046839318386,36.39707860359446,167.38136874080874,178.6835,189.98563125919128,12.650447589387122,0.1348697510795594,-0.0088974180041869,0.0131583517249033,-0.002112987122152
2023-09-28 04:00:00,169.34,172.03,167.62,170.69,56294419.0,174.54199999999997,174.0203832307868,36.98967986296746,166.81001411501575,177.8355,188.86098588498425,12.399645610673067,0.1759553241217447,0.0015255530129671,0.0126821874108678,-0.0028386822083186
2023-09-29 04:00:00,172.02,173.07,170.341,171.21,51861083.0,174.16199999999998,173.5094044615528,38.22928345017052,166.63780053498965,177.0025,187.3671994650104,11.711359404539875,0.2205659450351362,0.0030464584920031,0.0128030448314834,-0.0021186499928955
2023-10-02 04:00:00,171.22,174.3,170.93,173.75,52156935.0,173.74,173.55314910490682,44.02225739775383,167.49708922064082,176.217,184.9369107793592,9.896787233194525,0.3585421306236515,0.0148355820337595,0.0124724587444899,-0.0023264237134096
2023-10-03 04:00:00,172.255,173.63,170.82,172.4,49594613.0,173.073,173.3434856312874,41.779575417520526,169.059179964437,175.352,181.644820035563,7.177357584245416,0.2654469710465916,-0.0077697841726618,0.0121922340746906,-0.0037214838298386
2023-10-04 04:00:00,171.09,174.21,170.97,173.66,53006286.0,172.89,173.40103369832602,44.615564647156695,169.60822562727685,174.88950000000003,180.1707743727232,6.039555688275367,0.3835981703251231,0.0073085846867748,0.0111567057985574,-0.0009914071783276
2023-10-05 04:00:00,173.79,175.45,172.68,174.91,48527918.0,172.988,173.67539120772128,47.35529641136362,169.61935423564623,174.757,179.89464576435378,5.879759625484275,0.5148900884780284,0.0071979730507889,0.0110506719080005,0.0006173296674658
2023-10-06 04:00:00,173.8,177.99,173.18,177.49,57266675.0,173.25799999999998,174.36895644268105,52.57041310719196,169.66867817884503,174.72250000000005,179.77632182115502,5.784969676092085,0.77380268813746,0.0147504430850151,0.0118811749629447,0.0015979221850169
2023-10-09 04:00:00,176.81,179.05,175.8,178.99,42344772.0,173.549,175.2091461803754,55.34041619975465,169.7159366483592,174.704,179.69206335164083,5.710302399075943,0.92962565808132,0.0084511803481885,0.0119437459856476,0.0017050117285033
2023-10-10 04:00:00,178.1,179.72,177.95,178.39,43698019.0,174.192,175.78748323848896,53.98233037748096,169.6080220411983,174.8085,180.00897795880172,5.94991428769392,0.8443433496279275,-0.0033521425777978,0.0084266963595082,0.003709642995485
2023-10-11 04:00:00,178.2,179.85,177.6,179.8,47544848.0,175.129,176.51703174058187,56.673207575154585,169.46271209625831,175.08800000000002,180.71328790374173,6.425669267730178,0.9188230078735848,0.0079040304949831,0.0072227182948251,0.005389787845402
2023-10-12 04:00:00,180.07,182.34,179.04,180.71,56743119.0,176.13100000000003,177.2793896059306,58.36532837320407,169.2019086525683,175.3365,181.47109134743167,6.997506334883685,0.9379672333226972,0.0050611790878754,0.0070980008437335,0.0057433504528929
2023-10-13 04:00:00,181.42,181.93,178.14,178.85,51412082.0,176.895,177.56495513212502,53.74503639482284,169.2092143599942,175.5285,181.8477856400058,7.200295838004428,0.7628066041968737,-0.0102927342150407,0.0087275039248193,0.0044094311821885
2023-10-16 04:00:00,176.75,179.075,176.51,178.72,52516984.0,177.392,177.77496328992046,53.426698807778,169.18064989213715,175.56599999999997,181.9513501078628,7.274016732012828,0.7469715792182043,-0.0007268660889012,0.0080206807118977,0.0028531863699224
2023-10-17 04:00:00,176.645,178.42,174.8,177.15,57549350.0,177.86700000000002,177.66133360084402,49.60533056349276,169.24247721802774,175.47,181.69752278197225,7.098105410579876,0.6348850946690516,-0.0087846911369739,0.0081749723604165,0.0027516956734912
2023-10-18 04:00:00,175.58,177.575,175.11,175.84,54764375.0,178.085,177.3301820370542,46.60966803925464,169.25788404073063,175.4875,181.7171159592694,7.09978312901988,0.5282922737376361,-0.0073948631103584,0.0085767116063377,0.0012813508937778
2023-10-19 04:00:00,176.04,177.84,175.19,175.46,59192863.0,178.14,176.99014893940796,45.74664815596254,169.37532518223946,175.56400000000002,181.7526748177605,7.050049916566672,0.4915975549643076,-0.0021610555050045,0.00836742652804,0.0003454480381985
2023-10-20 04:00:00,175.31,175.42,172.64,172.88,64211828.0,177.679,176.24284913224287,40.29180455547191,169.17690473329827,175.4685,181.7600952667017,7.171196273635135,0.294289056250992,-0.0147042060868575,0.0079046752095799,-0.0026000168789887
2023-10-23 04:00:00,170.91,174.01,169.93,173.0,55980109.0,177.07999999999998,175.6532401991078,40.64630518194768,168.94008088921169,175.3145,181.6889191107884,7.271981622499363,0.3184540457903955,0.0006941230911614,0.00703215010411,-0.0033757226046914
2023-10-24 04:00:00,173.05,173.67,171.45,173.44,43816644.0,176.58499999999998,175.2508328901791,42.00594125719358,169.13841752054557,175.38850000000002,181.63858247945447,7.127129178314938,0.3441220570764289,0.002543352601156,0.0072772050855539,-0.002786173086796
2023-10-25 04:00:00,171.88,173.06,170.65,171.1,57156962.0,175.715,174.49613600105562,37.13407463419599,169.2722078083903,175.422,181.5717921916097,7.011426379370537,0.1486060125822942,-0.0134916974169742,0.0069215404996191,-0.0049257458779917
2023-10-26 04:00:00,170.37,171.3775,165.67,166.89,70625258.0,174.333,173.11320218268185,30.32053929473237,168.32141507540908,175.232,182.1425849245909,7.887354963238359,-0.1035668536765594,-0.0246054938632379,0.0083713278389255,-0.0078924131731031
2023-10-27 04:00:00,166.91,168.96,166.83,168.22,58257129.0,173.27,172.22352905855786,34.41466236929247,167.71601406707492,175.08249999999998,182.44898593292504,8.41487405414597,0.0342080292770582,0.0079693211097131,0.0096792732450254,-0.0060662076406277
2023-10-30 04:00:00,169.02,171.17,168.87,170.29,51130955.0,172.427,171.87197832063825,40.29460485485802,167.2685642588762,174.90949999999998,182.5504357411237,8.737016275415309,0.1977137253531864,0.0123053144691474,0.0112309861958432,-0.0047629895848228
2023-10-31 04:00:00,169.35,170.9,167.9,170.77,44846017.0,171.789,171.67161862597675,41.602038280300725,167.04822468190875,174.82800000000003,182.6077753180913,8.899919141203103,0.2391955529510314,0.0028187210053438,0.0113678874864682,-0.003602648370591
2023-11-01 04:00:00,171.0,174.23,170.12,173.97,56934906.0,171.602,172.08950614852645,49.535857954263975,167.0718636858135,174.8435,182.6151363141865,8.889820112485175,0.4438020537318826,0.0187386543303857,0.0132477110538916,-0.0009892966265166
2023-11-02 04:00:00,175.52,177.78,175.46,177.57,77292052.0,171.813,173.08595957606707,56.6681493682271,167.11434692339418,174.97650000000002,182.83865307660585,8.986524563705224,0.6649357354613868,0.0206932229694774,0.0148923674194723,0.0012961312209315
2023-11-03 04:00:00,174.24,176.82,173.35,176.65,79829246.0,172.19,173.73396692587306,54.54645545836048,167.11766054917445,174.9345,182.75133945082555,8.9368757458655,0.6097310499206201,-0.0051810553584501,0.0140353426045764,0.0022484462937722
2023-11-06 05:00:00,176.38,179.43,176.21,179.23,63841310.0,172.81300000000002,174.73324566662342,59.16392705566951,167.10409915587178,174.9465,182.7889008441282,8.965484698611528,0.7730987668914655,0.0146051514293801,0.0145443312687569,0.0036395491275941
2023-11-07 05:00:00,179.18,182.44,178.97,181.82,70529966.0,173.651,176.0217464545101,63.2049441264997,166.84375900761992,175.118,183.39224099238007,9.449903484941665,0.9049918298350276,0.0144507057970206,0.0149270042547475,0.0048302844471806
2023-11-08 05:00:00,182.35,183.45,181.59,182.89,49340282.0,174.82999999999998,177.2705198264173,64.75659247279671,166.55102334750683,175.27249999999998,183.9939766524932,9.951905350232527,0.9367093041418876,0.0058849411505883,0.0134710016673886,0.0067679483039368
2023-11-09 05:00:00,182.96,184.12,181.81,182.41,53631840.0,176.382,178.2049707670687,63.463673856855046,166.39587319455987,175.35750000000002,184.31912680544016,10.220979205839669,0.8934832454593382,-0.0026245284050521,0.0087484629403591,0.0089660448497554
2023-11-10 05:00:00,183.97,186.565,183.53,186.4,66177922.0,178.2,179.6949760821471,69.00371714112048,165.650924435032,175.735,185.819075564968,11.476456670518653,1.0288040500732747,0.0218738007784662,0.0096327201868588,0.0103564928166307
2023-11-13 05:00:00,185.82,186.03,184.21,184.8,43627519.0,179.651,180.62316224902943,64.76292938282502,165.26998351751726,176.039,186.8080164824827,12.234807607953607,0.9067688081939044,-0.0085836909871244,0.0112861827302057,0.0082675922710035
2023-11-14 05:00:00,187.7,188.11,186.3,187.44,60108378.0,181.318,181.86258729466044,68.2321397997744,164.69337474771092,176.5535,188.4136252522891,13.435162998512173,0.9589538376881308,0.0142857142857142,0.0112535411049212,0.0094142915990406
2023-11-15 05:00:00,187.845,189.5,187.78,188.01,53608999.0,182.722,182.9802986956313,68.94309883386688,164.3039307825791,177.16199999999998,190.02006921742085,14.51560630092331,0.9218362732603156,0.0030409731113956,0.010897570653006,0.0078445234771415
2023-11-16 05:00:00,189.57,190.96,188.65,189.71,54412915.0,183.936,184.20388075097105,71.02579935900897,163.93856016804077,177.87449999999998,191.8104398319592,15.669407174113456,0.924639462523286,0.0090420722302007,0.0099531319931187,0.0066794084032139
2023-11-17 05:00:00,190.25,190.38,188.57,189.69,50737404.0,185.24,185.2013569780672,70.9655042954208,164.075435115756,178.71499999999995,193.354564884244,16.38314062529053,0.8748403756115732,-0.0001054240683148,0.0093948607462781,0.0071869715322274
2023-11-20 05:00:00,189.89,191.905,189.88,191.45,46538614.0,186.462,186.3374738911459,73.12743654484522,164.24865225236175,179.6375,195.02634774763823,17.13322412930289,0.8838006650567094,0.0092782961674309,0.0090730209536155,0.0066542860060325
2023-11-21 05:00:00,191.41,191.52,189.74,190.64,38134485.0,187.344,187.11975136548293,70.5247239018612,164.6738646717958,180.4975,196.3211353282042,17.53335678134512,0.8204857730107661,-0.0042308696787672,0.0092115851544671,0.0047861284584537
2023-11-22 05:00:00,191.49,192.93,190.825,191.31,39630011.0,188.186,187.88161475357697,71.43050429135715,165.6327858597122,181.508,197.3832141402877,17.49257789220067,0.8087202450745122,0.0035144775493076,0.0092106671640116,0.0045490820983256
2023-11-24 05:00:00,190.87,190.9,189.25,189.97,24018404.0,188.942,188.2613211620175,66.99615796528968,167.88771612564602,182.662,197.436283874354,16.176636491830767,0.7473216320381411,-0.0070043385081804,0.0096817702287371,0.0041111010880128
2023-11-27 05:00:00,189.92,190.67,188.9,189.79,40456609.0,189.281,188.5392627689234,66.39985711642521,170.24701197799482,183.7405,197.2339880220052,14.687549040092064,0.7241636851099756,-0.0009475180291624,0.0074656616937223,0.0018289692072499
2023-11-28 05:00:00,189.78,191.08,189.4,190.4,38415419.0,189.841,188.8775786291192,67.45695624094397,172.46932716083063,184.746,197.02267283916933,13.290326003452687,0.730274117184285,0.0032140787185837,0.0065081251759969,0.0030087461778207
2023-11-29 05:00:00,190.9,192.09,188.97,189.37,43014224.0,190.034,188.9671097874611,63.80662372582027,175.07092310258903,185.676,196.2810768974109,11.423206981420275,0.6741618677419418,-0.0054096638655461,0.00563826279055,0.0010392083626947
2023-11-30 05:00:00,189.84,190.32,188.19,189.95,48744366.0,190.228,189.1458170988318,64.95659613761043,177.19268455610342,186.475,195.75731544389657,9.955560202597216,0.6871838993731311,0.003062787136294,0.0056391274641892,0.0010413897651845
2023-12-01 05:00:00,190.33,191.56,189.23,191.24,45676673.0,190.381,189.5265776263169,67.4349137148642,178.61602196373897,187.1585,195.7009780362609,9.128602800579191,0.7388943806864317,0.0067912608581206,0.005320205817995,0.0008163086279765
2023-12-04 05:00:00,189.98,190.05,187.4511,189.43,43389519.0,190.355,189.50901805789567,60.924396966453045,180.706176075654,187.7975,194.88882392434604,7.552096193342327,0.6151054455709795,-0.0094645471658648,0.0062434712183323,-0.0001196036817784
2023-12-05 05:00:00,190.21,194.4,190.18,193.42,66628398.0,190.552,190.2201056837328,68.21047334892941,182.1891361204912,188.507,194.82486387950888,6.703054931126035,0.8888181269570101,0.0210631895687061,0.0088023370176862,0.001058885658349
2023-12-06 05:00:00,194.45,194.76,192.11,192.32,41055862.0,190.72,190.60190465032684,64.63245037284393,183.30683589754813,189.032,194.75716410245184,6.057349128668011,0.7871533410362764,-0.0056871057801675,0.0089109486922303,0.000913262048209
2023-12-07 05:00:00,193.63,195.0,193.59,194.27,47413955.0,191.016,191.2688310775401,67.85184843597163,184.17652251364208,189.601,195.025477486358,5.721992485649278,0.9303640315350292,0.0101393510815308,0.0093607369201591,0.0015757494014313
2023-12-08 05:00:00,194.2,195.99,193.67,195.71,53383658.0,191.59,192.0763163361692,70.02197604978008,185.28825593265333,190.266,195.24374406734665,5.232405229885175,1.046834060404183,0.0074123642353425,0.0089955210680966,0.0030174196757836
2023-12-11 05:00:00,193.11,193.49,191.42,193.18,60943699.0,191.929,192.2769860932293,62.09142110683326,185.80631893120565,190.605,195.4036810687944,5.035210061430042,0.7683028902196806,-0.0129272903786213,0.0102871880767594,0.0018194424408377
2023-12-12 05:00:00,193.08,194.72,191.721,194.71,52696900.0,192.36,192.7193522580968,64.69550411223658,186.7789425261249,191.1005,195.4220574738752,4.5228112682856585,0.9176156422563296,0.0079200745418781,0.0104641940219214,0.0022900420231672
2023-12-13 05:00:00,195.09,198.0,194.85,197.96,70404183.0,193.219,193.6721973020792,69.48993502949075,186.6970120955614,191.6265,196.55598790443847,5.144891655839446,1.1424095284113824,0.0166914899080683,0.0109785869327122,0.0045001574005286
2023-12-14 05:00:00,198.02,199.62,196.16,198.11,66831572.0,194.035,194.47907051988287,69.69449523629686,186.7397385994921,192.1315,197.52326140050792,5.612574096915813,1.0544106606272323,0.0007577288341078,0.0110361665459659,0.00426965157031
2023-12-15 05:00:00,197.53,198.3999,197.0,197.57,127387901.0,194.668,195.04105769808604,67.92878651487241,186.76290135031888,192.5245,198.28609864968115,5.985314751817179,0.9378559065615591,-0.0027257584170411,0.0112036334888635,0.0033179496427938
2023-12-18 05:00:00,196.09,196.63,194.39,195.89,55751861.0,195.314,195.19541084388857,62.61392763808472,187.04916863524588,192.8345,198.6198313647541,6.000307377314863,0.7640730329307471,-0.00850331528066,0.0110852770888461,0.0034140728313143
2023-12-19 05:00:00,196.16,196.95,195.89,196.94,40714051.0,195.666,195.51260887227247,64.48427907005129,187.09598777649603,193.109,199.122012223504,6.227583617028673,0.818559139546168,0.0053601511052121,0.0092711480205343,0.0018437689849649
2023-12-20 05:00:00,196.9,197.68,194.83,194.83,52242815.0,195.917,195.38849816822287,58.18485075043803,187.3725828293687,193.3185,199.2644171706313,6.151420759659634,0.6271040242088951,-0.0107139230222401,0.0098434543125488,0.0013410872607577
2023-12-21 05:00:00,196.1,197.08,193.5,194.68,46482549.0,195.95800000000003,195.2596803194552,57.75291940759272,187.58748442666607,193.487,199.3865155733338,6.098100206560456,0.6011099966743412,-0.0007699019658163,0.0093522901786959,0.0002501619560229
2023-12-22 05:00:00,195.18,195.41,192.97,193.6,37149570.0,195.747,194.95792026137235,54.60958319050071,187.9938889120039,193.6685,199.3431110879961,5.860128093103537,0.4939643440812242,-0.0055475652352579,0.0091451778804468,-0.001045830991037
2023-12-26 05:00:00,193.61,193.89,192.83,193.05,28919310.0,195.734,194.6110256683956,53.02674868062298,188.43123232144845,193.8315,199.2317676785516,5.572125973901618,0.4276424756587616,-0.0028409090909089,0.008196125274535,-3.719286226581131e-05
2023-12-27 05:00:00,192.49,193.5,191.09,193.15,48087681.0,195.578,194.34538463777807,53.291831439164405,188.7897031365244,193.969,199.14829686347565,5.340334654997093,0.4209352136411057,0.0005180005180005,0.0077179393536947,-0.0007774002646535
2023-12-28 05:00:00,194.14,194.66,193.17,193.58,34049898.0,195.14,194.2062237945457,54.481355736090045,189.4415701778088,194.1795,198.9174298221912,4.87994852411424,0.4367339721673264,0.0022262490292519,0.0049332742862652,-0.0022239243525352
2023-12-29 05:00:00,193.9,194.4,191.725,192.53,42672148.0,194.582,193.90145583190105,51.0617082058312,189.90988078483613,194.3085,198.70711921516389,4.52745939077691,0.2978342846922533,-0.00542411406137,0.0049053734362364,-0.0028421086420829
2024-01-02 05:00:00,187.15,188.44,183.885,185.64,81964874.0,193.389,192.3993729533736,35.372180328176995,188.3557853940985,194.0285,199.70121460590155,5.847300376904987,-0.2393726445600786,-0.0357866306549629,0.0115112991008807,-0.0061481958658751
2024-01-03 05:00:00,184.22,185.88,183.43,184.25,58414460.0,192.225,190.9176687800329,33.158620561700445,186.9280133925433,193.7695,200.61098660745665,7.06146902113765,-0.1957186753551867,-0.0074876104287868,0.0114926756443121,-0.0060466253806878
2024-01-04 05:00:00,182.15,183.0872,180.88,181.91,71878670.0,190.722,189.27991082002688,29.779996958795817,184.6157568232179,193.194,201.77224317678207,8.880444710272661,-0.1577104290154263,-0.0127001356852103,0.010905001884284,-0.0078526540597301
2024-01-05 05:00:00,181.99,182.76,180.17,181.18,62371161.0,189.35700000000003,187.80719976184017,28.794304057197103,182.5841534379556,192.637,202.6898465620444,10.437087955111853,-0.0698385989127256,-0.0040129734484084,0.0109155221255899,-0.0071825591023469
2024-01-08 05:00:00,182.085,185.6,181.5,185.56,59144470.0,188.445,187.3986179869601,41.34000510654252,181.7236886350246,192.2015,202.67931136497543,10.902944425486194,0.1830683542270668,0.0241748537366155,0.0147281993097339,-0.0046880835321037
2024-01-09 05:00:00,183.92,185.15,182.73,185.14,42841809.0,187.599,186.9879601711492,40.60128513130217,180.89439508099457,191.673,202.45160491900543,11.24686827983642,0.1969459383152327,-0.0022634188402673,0.014743512405577,-0.0043596688926046
2024-01-10 05:00:00,184.35,186.4,183.92,186.19,46192908.0,186.913,186.8428765036675,43.32777730167172,180.31222527815203,191.3235,202.334774721848,11.510634837694235,0.2668980145498328,0.0056713838176516,0.0150827712475939,-0.0035084396017486
2024-01-11 05:00:00,186.54,187.05,183.62,185.59,49128408.0,186.157,186.615080775728,42.13751478107783,179.70070301071038,190.8675,202.03429698928963,11.701098394739413,0.263696787670547,-0.0032225146355873,0.0150180642496226,-0.0038824911171074
2024-01-12 05:00:00,186.06,186.74,185.19,185.92,40477782.0,185.391,186.48870245286832,43.06394160087437,179.39891916700535,190.26550000000003,201.13208083299472,11.422544636830834,0.3000521016322997,0.0017781130448837,0.0149984663474084,-0.0039273047155442
2024-01-16 05:00:00,182.16,184.26,180.934,183.63,65076641.0,184.501,185.96893837052863,38.461895680473226,178.93562375142878,189.5415,200.1473762485712,11.191086119473791,0.221310155735771,-0.0123171256454388,0.0152314850487667,-0.0046166058739511
2024-01-17 05:00:00,181.27,182.93,180.3,182.68,47317433.0,184.205,185.37094957588707,36.709283274380375,178.4629705825846,188.797,199.1310294174154,10.947239010593808,0.2040360660435447,-0.0051734466045852,0.0106614891293509,-0.0015552874689133
2024-01-18 05:00:00,186.09,189.14,185.83,188.63,77722754.0,184.643,185.96350419845305,51.58854479622768,178.625404993578,188.434,198.242595006422,10.410642459876664,0.5099912372705607,0.0325706152835558,0.0148769948890002,0.0024505351023209
2024-01-19 05:00:00,189.33,191.95,188.82,191.56,68887985.0,185.608,186.9810488896433,56.955130801275,179.03247241997013,188.165,197.2975275800299,9.706935487502868,0.6858740622598192,0.0155330541271272,0.0143520148425631,0.0052738540835546
2024-01-22 05:00:00,192.3,195.33,192.26,193.89,60131852.0,186.879,188.2372218187991,60.68725674188846,179.1143949442456,188.118,197.1216050557544,9.572295108128309,0.8205382712956171,0.0121632908749216,0.0140983647251822,0.0068914805158876
2024-01-23 05:00:00,195.02,195.75,193.8299,195.18,42355590.0,187.841,189.499545124472,62.619655164170695,179.0641892849335,188.143,197.2218107150665,9.650968375189628,0.8875507608238782,0.0066532570013926,0.012734537973816,0.0051393208423653
2024-01-24 05:00:00,195.42,196.38,194.34,194.5,53631316.0,188.777,190.4087187382044,60.9197476045034,178.99326106950247,188.188,197.3827389304975,9.771865294808938,0.8432397617655074,-0.0034839635208525,0.0128189426766598,0.0050172663743068
2024-01-25 05:00:00,195.22,196.2675,193.1125,194.17,54822126.0,189.575,191.0925880585308,60.06754235056503,178.91877957365048,188.244,197.56922042634952,9.9075884770293,0.8177404784585773,-0.0016966580976864,0.0129878050927559,0.004280462182773
2024-01-26 05:00:00,194.27,194.76,191.94,192.42,44587111.0,190.258,191.33393568425248,55.623736624854565,178.9539366323018,188.2075,197.46106336769824,9.833363035690082,0.7276150188101983,-0.0090127208116599,0.013479239734484,0.0037014415651657
2024-01-29 05:00:00,192.01,192.2,189.58,191.73,47145622.0,190.839,191.4059473780248,53.92963897743187,179.04289660552712,188.115,197.1871033944729,9.645273789408488,0.699237147264128,-0.0035859058309947,0.0136696667601524,0.0031650396775779
2024-01-30 05:00:00,190.94,191.8,187.47,188.04,55836970.0,191.28,190.7939569456566,45.88177781408395,179.04718959043015,187.8905,196.73381040956983,9.413259754559014,0.5084527169733976,-0.0192458144265372,0.0146798666727473,0.0024721707994681
2024-01-31 05:00:00,187.04,187.095,184.35,184.4,55467803.0,191.452,189.6314193191736,39.60342883718753,178.90591455630678,187.8285,196.75108544369328,9.500779108275086,0.3078751937072575,-0.0193575834928737,0.0161157276624593,0.0010537571106392
2024-02-01 05:00:00,183.985,186.95,183.82,186.86,64885408.0,191.275,189.1275248975056,45.07364399661517,179.17430444466024,187.959,196.74369555533977,9.347459345218656,0.4374480314612631,0.0133405639913233,0.0127284628109879,-0.0008692480185839
2024-02-02 05:00:00,179.86,187.33,179.25,185.85,102527680.0,190.704,188.5316112797773,43.338110316926205,179.7543849171718,188.156,196.55761508282825,8.930477989357994,0.3627644817534446,-0.0054051161297229,0.011381377461295,-0.002963065044269
2024-02-05 05:00:00,188.15,189.25,185.84,187.68,69654320.0,190.083,188.3767728652724,47.29773527705766,180.7043017288822,188.481,196.2576982711178,8.251970512802664,0.4484999949802055,0.0098466505246166,0.0110582662070745,-0.0031947290792995
2024-02-06 05:00:00,186.86,189.31,186.7695,189.3,43490759.0,189.495,188.5446323443137,50.58951470393379,181.0021755824956,188.668,196.3338244175044,8.126258207543815,0.541221919886195,0.0086317135549871,0.0112697123598403,-0.00299688342394
2024-02-07 05:00:00,190.64,191.05,188.61,189.41,53438955.0,188.986,188.70197191807483,50.814163380962185,181.38461458004016,188.8815,196.37838541995987,7.938189203241029,0.53524797101693,0.0005810882197569,0.0113233775858165,-0.002590378249879
2024-02-08 05:00:00,189.385,189.535,187.35,188.32,40962046.0,188.401,188.63252247842487,48.4628413395512,181.5871795049464,188.988,196.3888204950537,7.832053352650607,0.4548698687904629,-0.0057547120004224,0.0113604450802158,-0.0029961836401526
2024-02-09 05:00:00,188.65,189.99,188.0,188.85,45155216.0,188.044,188.672063845984,49.68206724234109,181.91495163089644,189.151,196.3870483691036,7.651081272743545,0.4792013551702319,0.0028143585386575,0.0112798399913057,-0.0018134757051209
2024-02-12 05:00:00,188.415,188.67,186.79,187.15,41781934.0,187.586,188.395324964896,45.92882353081048,182.0669982681405,189.2125,196.35800173185947,7.552885493146032,0.3556784339716843,-0.0090018533227428,0.0115022274536728,-0.0023550704542957
2024-02-13 05:00:00,185.77,186.21,183.5128,185.04,56529529.0,187.286,187.78526588036945,41.71639896402401,182.33408612803365,189.283,196.2319138719664,7.342353906020475,0.194700490020654,-0.0112743788405023,0.0104276000178289,-0.0015579268956922
2024-02-14 05:00:00,185.32,185.53,182.44,184.15,54617917.0,187.261,187.1243084475749,40.04792634452164,182.6620686574581,189.3565,196.05093134254184,7.070717237107608,0.111132019017533,-0.0048097708603543,0.0085061834250167,-0.0001031456324403
2024-02-15 05:00:00,183.55,184.49,181.35,183.86,65434496.0,186.961,186.53079782074315,39.49364260521907,182.0099324707761,189.118,196.22606752922383,7.517071383182838,0.1301385729396615,-0.0015748031496062,0.0070740687478608,-0.0015946823465332
2024-02-16 05:00:00,183.42,184.85,181.665,182.31,49752465.0,186.60700000000003,185.7633800351535,36.57951583108074,181.056414594505,188.6555,196.25458540549496,8.056044383010276,0.0824826501218493,-0.0084303274230392,0.0073156869921507,-0.0018972034758649
2024-02-20 05:00:00,181.79,182.43,180.0,181.56,53574453.0,185.995,184.999129119671,35.2251128798105,180.24060042059867,188.039,195.8373995794013,8.294449108324677,0.0845942533443909,-0.004113871976304,0.0060477670728814,-0.0032932557259569
2024-02-21 05:00:00,181.94,182.8888,180.66,182.32,41496371.0,185.297,184.51201473427628,37.74076581792298,179.945908993844,187.396,194.84609100615603,7.951173991073464,0.15933302050903,0.0041859440405374,0.0051740423617276,-0.0037378326774019
2024-02-22 05:00:00,183.48,184.955,182.46,184.37,52284192.0,184.793,184.4861938734988,44.052513022926576,180.0912900150108,186.8895,193.6877099849892,7.275111747839444,0.314693867535485,0.0112439666520405,0.0069551576788114,-0.0026715448341736
2024-02-23 05:00:00,185.01,185.04,182.23,182.52,44926677.0,184.213,184.1287040783172,40.10149561612205,180.13644054400194,186.307,192.47755945599803,6.62407687955691,0.1931396555689247,-0.0100341704181807,0.0072895581661143,-0.0030994906759494
2024-02-26 05:00:00,182.24,182.76,180.65,181.16,40867421.0,183.444,183.5889397004413,37.44285820656641,179.85906193745365,185.744,191.62893806254635,6.33661174793948,0.1105311601175499,-0.0074512382204691,0.0070841354117689,-0.0041260503518621
2024-02-27 05:00:00,181.1,183.9225,179.56,182.63,54318851.0,182.992,183.4145870276338,41.92466733721884,179.94322073033246,185.289,190.63477926966752,5.770206833290192,0.2512991216184874,0.008114374034003,0.0078061427480966,-0.0024144276161875
2024-02-28 05:00:00,182.51,183.12,180.13,181.42,48943139.0,182.63,183.0519348407913,39.42110737236368,179.5156343378998,184.958,190.4003656621002,5.88497460190984,0.1749575258569908,-0.0066254175108142,0.0073446518523032,-0.0019495314832187
2024-02-29 05:00:00,181.27,182.57,179.53,180.75,136682597.0,182.29,182.63340123337463,38.06562024033185,179.03395848225344,184.7755,190.5170415177465,6.214613428454048,0.1494408350477342,-0.0036930878624186,0.0073047132345038,-0.0018378631834251
2024-03-01 05:00:00,179.55,180.53,177.38,179.66,73450582.0,181.87,182.0927828273065,35.902749023985734,178.34824864539078,184.4155,190.48275135460923,6.579979833158521,0.1081009569195357,-0.006030428769018,0.0074218346383199,-0.0022834257453663
2024-03-04 05:00:00,176.15,176.9,173.79,175.1,81505451.0,181.149,180.82136776779623,28.58524865579585,176.62540984199384,183.878,191.13059015800613,7.888480577346005,-0.105163107852575,-0.0253812757430702,0.0103427133446891,-0.0039785205773694
2024-03-05 05:00:00,170.76,172.04,169.62,170.12,94702355.0,180.005,178.87566453728783,23.058032180478406,173.80859096764766,183.0,192.1914090323524,10.045255773062664,-0.200654271541196,-0.0284408909194745,0.0129183518542019,-0.0064112224716864
2024-03-06 05:00:00,171.06,171.24,168.68,169.12,68568907.0,178.685,177.10190734869005,22.13258429511978,171.4552249454533,181.991,192.52677505454668,11.578347340853878,-0.1108235954812612,-0.0058782036209734,0.0123819303640103,-0.0074176372378375
2024-03-07 05:00:00,169.15,170.73,168.49,169.0,71763761.0,177.148,175.62883328529185,22.01838037125797,169.5871007273746,180.9705,192.35389927262537,12.580392133110518,-0.025787583889219,-0.0007095553453169,0.0108641307366782,-0.0086129894375732
2024-03-08 05:00:00,169.0,173.7,168.94,170.73,76267041.0,175.969,174.73813632432967,27.802294479296304,168.40090864021977,180.091,191.78109135978025,12.98242706163022,0.0996181846702011,0.0102366863905325,0.0123579204913818,-0.0065859037567019
2024-03-11 04:00:00,172.94,174.38,172.05,172.75,60139473.0,175.128,174.37665699263334,33.96139671541935,167.90618559026515,179.286,190.66581440973485,12.694593453738552,0.2128248420989718,0.0118315468868974,0.0136452470120038,-0.0046576252459653
2024-03-12 04:00:00,173.15,174.03,171.01,173.23,59813522.0,174.188,174.16817390306363,35.37226828514077,167.52071637367578,178.58999999999995,189.65928362632417,12.396308445404776,0.2578885779359194,0.002778581765557,0.0131869507694576,-0.0051912044728099
2024-03-13 04:00:00,172.77,173.185,170.76,171.13,52488692.0,173.15900000000002,173.61577864796115,32.13735614921588,166.78576564364735,177.8945,189.00323435635264,12.48912625893734,0.1955323719604632,-0.0121226115568896,0.0133667354871616,-0.0057409238774174
2024-03-14 04:00:00,172.91,174.3078,172.05,173.0,72913507.0,172.384,173.5038188937864,37.60912393110103,166.42252685650794,177.33700000000002,188.2514731434921,12.309301661234905,0.3013188569442758,0.0109273651609886,0.0143770226430783,-0.0042788785750767
2024-03-15 04:00:00,171.17,172.62,170.285,172.62,121752699.0,171.68,173.34312454946158,36.95701456601636,166.10717641690633,176.775,187.44282358309368,12.069380379684544,0.3052554971669747,-0.0021965317919074,0.0143762434598682,-0.0038954888773656
2024-03-18 04:00:00,175.57,177.71,173.52,173.72,75604184.0,171.542,173.41164735865038,40.189936767374775,165.91458733619103,176.3455,186.7764126638089,11.830086578686672,0.3741481170142757,0.0063723786351523,0.0124857607499086,-0.0007201234395433
2024-03-19 04:00:00,174.34,176.605,173.03,176.08,55215244.0,172.13799999999998,173.89680238435028,46.52581285770963,165.91869097983175,176.0715,186.22430902016828,11.53259785958348,0.5004186033630256,0.0135850794381764,0.0085805183395729,0.0034824735962217
2024-03-20 04:00:00,175.72,178.67,175.09,178.67,53423102.0,173.09300000000002,174.7646564962866,52.47584439140744,166.06616965432005,175.88899999999998,185.7118303456799,11.16935151792316,0.6415579777992952,0.0147092230804177,0.0085547976596604,0.0055412162663608
2024-03-21 04:00:00,177.05,177.49,170.84,171.37,106181270.0,173.33,174.14744622423447,39.22722915279724,166.0467861208515,175.239,184.4312138791485,10.49105950062316,0.2895501534849845,-0.0408574466894273,0.0170334296389489,0.0015264271319497
2024-03-22 04:00:00,171.76,173.05,170.06,172.28,71146138.0,173.485,173.8079105471009,41.21949628902192,166.09005818011892,174.727,183.3639418198811,9.886213143796995,0.3583410626683084,0.0053101476337749,0.0168234636857021,0.001033773256274
2024-03-25 04:00:00,170.565,171.94,169.45,170.85,54288328.0,173.29500000000002,173.27010862944618,39.052932347632094,165.94933738964116,174.21149999999997,182.4736626103588,9.485209197278955,0.2965726312512026,-0.0083004411423265,0.0165907146799286,-0.0009794255466483
2024-03-26 04:00:00,170.0,171.42,169.58,169.71,57388449.0,172.943,172.62281615136504,37.366738425196765,166.0506787113723,173.5655,181.0803212886277,8.659349108696917,0.2434736068950447,-0.0066725197541702,0.0166220158324926,-0.0019245356986211
2024-03-27 04:00:00,170.41,173.6,170.11,173.31,60263665.0,173.161,172.74775866929866,45.38609354131735,166.56536278480675,173.16000000000005,179.7546372151933,7.61681360036183,0.5113728773172234,0.0212126568852748,0.0176598339310893,0.0014089911455953
2024-03-28 04:00:00,171.75,172.23,170.51,171.48,65671690.0,173.009,172.51725709306254,42.41326797995425,167.06864330317373,172.6965,178.3243566968263,6.517626815628903,0.3919215550845453,-0.0105591137268479,0.0176801735257448,-0.0007396567431883
2024-04-01 04:00:00,171.19,171.25,169.475,170.03,46240500.0,172.75,172.06502853068753,40.1681946466731,167.47481224000433,172.215,176.95518775999568,5.504965026270275,0.2695238975088621,-0.0084557965943549,0.0178474875692553,-0.001365583223433
2024-04-02 04:00:00,169.08,169.34,168.2302,168.84,49297581.0,172.262,171.47865970692615,38.3729737535168,167.13849456807142,171.902,176.66550543192855,5.542117522691493,0.1785980362826736,-0.0069987649238369,0.0177036507445022,-0.002702697579332
2024-04-03 04:00:00,168.79,170.68,168.58,169.65,47691715.0,171.619,171.14617612384865,40.32789680313943,167.07558723793437,171.8785,176.68141276206563,5.588730134444542,0.2680053635784167,0.0047974413646054,0.0170098383063218,-0.003581461386689
2024-04-04 04:00:00,170.29,171.92,168.82,168.82,53682486.0,170.634,170.7232350104216,38.96394466720136,167.0244824344178,171.8635,176.70251756558218,5.631233584306379,0.1855250101128923,-0.0048924255820808,0.0157506910560297,-0.0055416262529389
2024-04-05 04:00:00,169.59,170.39,168.95,169.58,42104826.0,170.45499999999998,170.51537409943586,40.93388093948316,167.11592434373608,171.89249999999998,176.66907565626389,5.557631259378858,0.2579332804069158,0.0045018362753228,0.0098920615199435,-0.0010056979564639
2024-04-08 04:00:00,169.03,169.2,168.24,168.45,37425513.0,170.07199999999995,170.13985153590207,38.92240465362878,166.7921615638313,171.7785,176.7648384361687,5.805544274945577,0.1662380579849381,-0.0066635216417031,0.0097664966866368,-0.0022030648840117
2024-04-09 04:00:00,168.7,170.08,168.35,169.67,42451209.0,169.954,170.05442398391986,42.22343691727061,166.57780811322772,171.6245,176.6711918867723,5.881085610472041,0.3063582992729459,0.0072425051944196,0.0099238354847709,-0.0006487702503371
2024-04-10 04:00:00,168.8,169.09,167.11,167.78,49691936.0,169.761,169.64089235047987,38.731113334492505,166.09723226012667,171.352,176.60676773987333,6.133301904702986,0.1601181843970416,-0.0111392703483231,0.0103177971631172,-0.0010954453097524
2024-04-11 04:00:00,168.34,175.46,168.16,175.04,91053075.0,169.934,170.62254828675623,54.35029753120866,166.05476707366782,171.5475,177.04023292633215,6.403745815394765,0.8179200633674504,0.0432709500536416,0.0162623670169304,0.0011103840070842
2024-04-12 04:00:00,174.26,178.36,174.21,176.55,101282386.0,170.441,171.70026678007326,56.81613730893996,165.84051701506297,171.725,177.60948298493702,6.853379513684115,0.9099765444433224,0.0086265996343692,0.0158594114687491,0.0030289553432059
2024-04-15 04:00:00,175.36,176.63,172.5,172.69,73498773.0,170.707,171.8802182746054,49.46108770036,165.84180899400917,171.7285,177.61519100599082,6.855811360363395,0.5816672727531895,-0.021863494760691,0.0174274569360202,0.0016881855265723
2024-04-16 04:00:00,171.75,173.76,168.27,169.38,73665235.0,170.76100000000002,171.42563313376803,44.17954806610272,165.61449643886718,171.5115,177.40850356113285,6.876510975803761,0.3192726205857548,-0.01916729399502,0.0184936232411897,0.000471332619454
2024-04-17 04:00:00,169.61,170.65,168.0,168.0,50351210.0,170.596,170.80279074581017,42.15831719130989,165.4141991121131,171.1075,176.80080088788688,6.65464797029574,0.2270915360707944,-0.0081473609635139,0.0186098443982821,-0.0008231476133578
2024-04-18 04:00:00,168.03,168.64,166.55,167.04,43103753.0,170.418,170.11864697384468,40.76124476045087,165.7372907793421,170.52599999999998,175.31470922065787,5.616397758298316,0.1360188268519393,-0.0057142857142857,0.018631614232214,-0.0009053336265783
2024-04-19 04:00:00,166.21,166.4,164.075,165.0,68149377.0,169.95999999999998,169.18798388769108,37.88794877045868,164.86981932389972,170.20749999999998,175.54518067610024,6.271968833453594,0.0121944983223866,-0.0122126436781608,0.0188411896012888,-0.0025767816219267
2024-04-22 04:00:00,165.515,167.26,164.77,165.84,48071343.0,169.699,168.5792595444745,39.77062267976604,164.31485739792848,169.8855,175.45614260207154,6.558114261748683,0.1368910834007173,0.005090909090909,0.0189243793469902,-0.0014013385486655
2024-04-23 04:00:00,165.35,167.05,164.92,166.9,49537761.0,169.422,168.2739396272973,42.15342568816837,163.98952441437058,169.688,175.3864755856294,6.716415522169406,0.2553731732192688,0.0063917028461166,0.0188830678889299,-0.0014864187834958
2024-04-24 04:00:00,166.54,169.3,166.21,169.02,48251835.0,169.546,168.4095869677887,46.69553936075476,163.94762486992448,169.6535,175.3593751300755,6.726504469492849,0.444487043130261,0.012702216896345,0.0190333930641221,0.000897729940971
2024-04-25 04:00:00,169.525,170.61,168.1511,169.89,50558329.0,169.031,168.6787529736453,48.483248652477954,164.02564788545496,169.4825,174.93935211454502,6.439428394725154,0.5373383767276579,0.0051473198438052,0.0121913383523264,-0.0029146330800126
2024-04-26 04:00:00,169.88,171.34,169.18,169.3,44812854.0,168.30599999999998,168.79170697843705,47.32411559159157,163.9940603451647,169.3735,174.7529396548353,6.352162120798466,0.4931684334506912,-0.0034728353640589,0.0114994226032943,-0.0041245765798554
2024-04-29 04:00:00,173.37,176.03,173.1,173.5,68149919.0,168.387,169.64776025508485,55.48329613783877,163.8780173752238,169.547,175.2159826247762,6.687210773149854,0.8486516242547194,0.0248080330773774,0.012887263368492,0.0005425762039513
2024-04-30 04:00:00,173.33,174.99,170.0,170.33,65824776.0,168.482,169.7718038450694,49.27901611691356,163.95247795029738,169.6215,175.29052204970262,6.684320147743793,0.5624887320765652,-0.0182708933717578,0.0127371779316734,0.0006322162662776
2024-05-01 04:00:00,169.58,172.705,169.11,169.3,49387185.0,168.612,169.68602132778403,47.42341507206116,163.9332772947344,169.60399999999998,175.27472270526556,6.687015288867687,0.4731956563739492,-0.0060470850701579,0.0125928210990503,0.0008422438556132
2024-05-02 04:00:00,172.51,173.415,170.89,173.03,94211515.0,169.211,170.29401745000513,54.15572335991725,163.96604558878892,169.8145,175.6629544112111,6.88805068025533,0.7749016897384114,0.022031896042528,0.0139691744315333,0.0036168620312945
2024-05-03 04:00:00,186.645,187.0,182.66,183.38,163224109.0,171.049,172.67328700454965,66.84288680856173,162.1922452517374,170.5045,178.8167547482626,9.75018811616421,1.2744890159129914,0.0598162168410101,0.0214611252266382,0.0108197480832117
2024-05-06 04:00:00,182.354,184.2,180.42,181.71,78319667.0,172.63600000000002,174.31632573099515,63.77600172079386,161.59651494097844,171.1675,180.7384850590216,11.183180287170815,1.0507531322527102,-0.0091067728214635,0.0223341002006082,0.0093999798919744
2024-05-07 04:00:00,183.45,184.9,181.32,182.4,77298571.0,174.186,175.786084688996,64.50073625245192,161.09099220573356,171.804,182.51700779426645,12.471197171505256,0.9945389849184528,0.0037972593693247,0.0223879330560811,0.0091405355442952
2024-05-08 04:00:00,182.85,183.07,181.45,182.74,45057087.0,175.55800000000002,177.05043292736033,64.87366844645325,161.01028331659396,172.552,184.09371668340603,13.377667814231115,0.9413554880725712,0.0018640350877192,0.022458582089065,0.0080567173634326
2024-05-09 04:00:00,182.56,184.66,182.11,184.57,48948972.0,177.026,178.41762694056754,66.8898451760019,160.38130857265088,173.0285,185.6756914273492,14.61862228170403,0.9562870763164808,0.0100142278647257,0.0224412560530042,0.0085434081655247
2024-05-10 04:00:00,184.9,185.09,182.13,183.05,50745096.0,178.401,179.25987658773707,63.6232963827422,160.04429825834725,173.3535,186.6627017416528,15.354984746950908,0.8642780456792399,-0.0082353578588069,0.0227726894859566,0.0080671559160499
2024-05-13 04:00:00,185.435,187.1,184.62,186.28,71969409.0,179.679,180.536262662694,67.279970542232,159.5893576615864,174.033,188.4766423384136,16.59873970846171,0.9239581579581388,0.0176454520622779,0.0222952785486788,0.0073508978145399
2024-05-14 04:00:00,187.51,188.3,186.29,187.43,52393619.0,181.389,181.78966945129503,68.49428795287766,159.54307917025352,174.9355,190.3279208297465,17.597824146324182,0.9058653326270126,0.0061735022546705,0.0204365474335255,0.0097953373771828
2024-05-15 04:00:00,187.91,190.65,187.37,189.72,70381988.0,183.431,183.2315477328777,70.81687825422516,159.70264308537472,176.0215,192.3403569146253,18.54189052431128,0.9197138338691824,0.0122178946806807,0.0196649652523452,0.0116218353522666
2024-05-16 04:00:00,190.47,191.095,189.6601,189.84,52845230.0,185.112,184.4330845087181,70.93778276404355,160.3340399718195,177.16150000000002,193.9889600281805,18.99674593879655,0.8767205501830823,0.0006325110689437,0.019570386478577,0.0094818968549082
2024-05-17 04:00:00,189.51,190.81,189.18,189.87,41282925.0,185.761,185.4216145980421,70.97016300252528,161.6807953851308,178.40500000000003,195.12920461486925,18.748582847867738,0.8427666745301187,0.0001580278128949,0.0084622104803633,0.0035160779520967
2024-05-20 04:00:00,189.325,191.9199,189.01,191.04,44361275.0,186.694,186.44313921657988,72.26789046588684,163.1210760398262,179.66500000000002,196.20892396017385,18.416412723873684,0.8437818025331535,0.0061621109179965,0.0072175119109772,0.0050429663260427
2024-05-21 04:00:00,191.09,192.73,190.9201,192.35,42309401.0,187.689,187.51711390447443,73.6862668191489,164.6029600615746,180.9375,197.2720399384254,18.05545001829405,0.8493364380943847,0.006857202680067,0.007223692854348,0.0053489606571169
2024-05-22 04:00:00,192.265,192.8231,190.27,190.9,34648547.0,188.505,188.1321841036609,69.45203215769827,166.1106089759394,182.0315,197.9523910240606,17.492457101172718,0.7785177031422865,-0.0075383415648556,0.0082646034370827,0.0044087229918594
2024-05-23 04:00:00,190.98,191.0,186.625,186.88,51005924.0,188.736,187.9045142666316,59.28136787931022,167.85413885071094,182.88100000000003,197.90786114928912,16.433485325746343,0.6330617206171881,-0.0210581456259822,0.0112315206382862,0.0013014856427886
2024-05-24 04:00:00,188.82,190.58,188.0404,189.98,36326975.0,189.429,188.28187530906223,63.696404634643095,169.96077555003458,183.915,197.86922444996543,15.174645298062078,0.7173177026694232,0.0165881849315068,0.0116258068591568,0.00378383992182
2024-05-28 04:00:00,191.51,193.0,189.1,189.99,52230051.0,189.8,188.59244343468723,63.71007405864473,171.4095390473185,184.7395,198.06946095268148,14.431089131107846,0.6969435626495145,5.263711969694107e-05,0.010579126909971,0.0020245584275619
2024-05-29 04:00:00,189.61,192.247,189.51,190.29,53068016.0,190.086,188.90109008292592,64.14622955371131,173.97575204316922,185.7375,197.4992479568308,12.66491468532826,0.6935299079996038,0.001579030475288,0.0104782058407919,0.0015651112496237
2024-05-30 04:00:00,190.76,192.18,190.63,191.29,49947941.0,190.243,189.3354373405757,65.62912091507958,177.5833043058455,186.837,196.09069569415448,9.905635066024916,0.740606572075465,0.005255136896316,0.0099074700976694,0.0008688354711872
2024-05-31 04:00:00,191.44,192.57,189.91,192.25,75158277.0,190.484,189.86535782410743,67.03852976141916,180.7502866119561,187.798,194.8457133880439,7.505631996127636,0.8158471233771087,0.0050185582100477,0.0099925654711659,0.0013074401852976
2024-06-03 04:00:00,192.9,194.99,192.52,194.03,50078439.0,190.9,190.6225654924516,69.53316549642737,181.0917253108684,188.3305,195.56927468913167,7.68731000993644,0.8936785053247516,0.0092587776332899,0.0102863584742151,0.0022175151673371
2024-06-04 04:00:00,194.635,195.32,193.0342,194.35,47471445.0,191.231,191.3002808574604,69.97313763634462,181.94232656909296,188.9625,195.98267343090703,7.430229205167215,0.8837155914326101,0.0016492295005927,0.0101926391688352,0.0017662270255967
2024-06-05 04:00:00,195.4,196.9,194.87,195.87,54156785.0,191.583,192.13113888337665,72.03867866876857,182.67914323850107,189.636,196.5928567614989,7.33706338617027,0.9480471722876777,0.0078209416002059,0.0102505159503186,0.0018626009176106
2024-06-06 04:00:00,195.685,196.5,194.17,194.48,41162753.0,191.941,192.55820454094453,67.46803040608516,183.72673307198565,190.223,196.7192669280144,6.830159263616244,0.8276497138412047,-0.0070965436258744,0.0102063527498,0.0019067807115087
2024-06-07 04:00:00,194.65,196.94,194.14,196.89,53085712.0,192.942,193.34580371531823,70.91379815632664,184.2676868892121,190.839,197.41031311078788,6.886761207916499,0.960410263366258,0.0123920197449609,0.0067345524279894,0.005251797248603
2024-06-10 04:00:00,196.9,197.3,192.15,193.12,97262077.0,193.256,193.3047484943513,60.1761528378536,185.7680049556025,191.3425,196.9169950443976,5.826719149585206,0.6594314808644794,-0.0191477474732083,0.0091123004663366,0.0016782040081315
2024-06-11 04:00:00,193.65,207.16,193.63,207.15,172116296.0,194.972,195.82206694992377,75.21615709814648,183.9261503559453,192.386,200.8458496440548,8.794662443270001,1.372592340360068,0.072649130074565,0.024162668584646,0.0089378533036183
2024-06-12 04:00:00,207.37,220.2,206.9,213.07,198109293.0,197.25,198.95805477721035,78.8464147599111,181.59952271411123,193.668,205.73647728588872,12.46305769243112,1.3038296605440896,0.0285783248853486,0.0247503325204438,0.0116377827446244
2024-06-13 04:00:00,214.74,216.75,211.6,214.24,97750229.0,199.545,201.73659027226304,79.48595652770064,180.02255299575685,194.894,209.7654470042432,15.261061914931346,1.1504410765973263,0.0054911531421599,0.0247436814738878,0.0116613843692088
2024-06-14 04:00:00,213.85,215.17,211.3,212.49,70108898.0,201.569,203.6917556773061,75.79481015100316,179.50848041531574,196.0265,212.54451958468425,16.85284345196619,0.9983496936662192,-0.0081684092606422,0.0254775542190143,0.0103426876221398
2024-06-17 04:00:00,213.37,218.95,212.72,216.67,93689100.0,203.833,206.0514364632504,78.37764571972777,178.8377954851125,197.3665,215.8952045148875,18.77593666086949,1.0209079777943988,0.0196715139535976,0.0256405961816116,0.0113839612541706
2024-06-18 04:00:00,217.59,218.63,213.0,214.29,79943254.0,205.827,207.5493571062958,73.56436579974252,178.85202574072903,198.529,218.20597425927096,19.82277073804932,0.90049348523628,-0.0109844463931323,0.0264713287972715,0.010120593664798
2024-06-20 04:00:00,213.93,214.24,208.85,209.68,86095783.0,207.208,207.9367467233329,65.2107115583505,179.3602066654862,199.3955,219.4307933345138,20.09603359605788,0.7566595813769149,-0.0215129030752717,0.0283155306946571,0.0071872091972503
2024-06-21 04:00:00,210.39,211.89,207.11,207.49,246421353.0,208.509,207.85552004636327,61.63031398830093,180.2918572472876,200.225,220.1581427527124,19.910743166649947,0.6822341837945103,-0.010444486837085,0.028522220859146,0.0068524148761292
2024-06-24 04:00:00,207.72,212.7,206.59,208.14,80721906.0,209.634,207.9072436742972,62.29207155233988,182.0598450183068,201.288,220.5161549816932,19.105118021633874,0.6781762214451589,0.0031326810930645,0.0284726562916622,0.0059264810109396
2024-06-25 04:00:00,209.15,211.38,208.61,209.07,56280868.0,211.229,208.11865391533405,63.26820040571943,183.4644437906898,202.2425,221.0205562093102,18.56984185748316,0.6817946416790174,0.0044681464398963,0.0271085639765627,0.00828807040225
2024-06-26 04:00:00,211.5,214.86,210.64,213.25,66213186.0,211.839,209.05162593072785,67.35822784440519,184.92812521352093,203.4055,221.8828747864791,18.16801884558588,0.7663933625247388,0.0199933036781938,0.0160944125790944,0.0030224877626129
2024-06-27 04:00:00,214.69,215.7395,212.35,214.1,49772707.0,211.942,209.96951212514097,68.1352298378191,186.59001721649128,204.596,222.6019827835088,17.601500306466136,0.7639122816640836,0.0039859320046893,0.0134106917602633,0.000563248474547
2024-06-28 04:00:00,215.77,216.07,210.3,210.62,82538718.0,211.58,210.08778264784257,61.66348384733262,188.46493540734488,205.5625,222.66006459265512,16.634906262236658,0.6479011812645129,-0.0162540868752918,0.0142590044023391,-0.0016112755271981
2024-07-01 04:00:00,212.09,217.51,211.92,216.75,60402929.0,212.006,211.29909489368936,67.51648568448579,190.1769095529384,206.7875,223.3980904470616,16.0653718885925,0.7998839816004962,0.0291045484759282,0.0169686356501992,0.0021160202464588
2024-07-02 04:00:00,216.15,220.38,215.1,220.27,58046178.0,212.366,212.9301685493822,70.3187852547794,191.58189911488307,208.0995,224.61710088511688,15.874714629412283,0.868410039831093,0.016239907727797,0.0166049611348808,0.0017728596238788
2024-07-03 04:00:00,220.0,221.55,219.03,221.55,37269801.0,213.092,214.49741063131268,71.28874933588575,193.2173887148248,209.4595,225.7016112851752,15.50859358031045,0.8721960706868046,0.005811050074908,0.016009968643749,0.0034524092706828
2024-07-05 04:00:00,221.65,226.45,221.65,226.34,59517108.0,214.758,216.6506086983468,74.62997020590805,194.41262510985297,210.983,227.55337489014704,15.707782039450606,0.963387222733611,0.0216204017151884,0.0142502740499273,0.0077657397497288
2024-07-08 04:00:00,227.09,227.85,223.25,227.82,59085861.0,216.791,218.68140711682912,75.57573986370765,196.35003435586395,212.65,228.94996564413609,15.330322731376487,0.965338404116742,0.0065388353804012,0.012774464168438,0.0094640719714775
2024-07-09 04:00:00,227.93,229.4,226.3721,228.68,48013382.0,218.84500000000003,220.49933309558747,76.1325308408668,198.19894206082543,214.2395,230.28005793917453,14.974416892472735,0.950124617072488,0.0037749100166799,0.0127406663902552,0.009528294863839
2024-07-10 04:00:00,229.3,233.08,229.25,232.98,62627687.0,221.236,222.7685452600261,78.74197695644985,201.31787915332688,216.2325,231.14712084667312,13.7949853483386,1.0614457173323222,0.0188035683050549,0.0129133711234251,0.0109618370503549
2024-07-11 04:00:00,231.39,232.39,225.77,227.57,64456867.0,222.668,223.6415370309304,68.58255259516967,202.170875195278,217.25350000000003,232.3361248047221,13.884816405463717,0.8419994905916535,-0.023220877328526,0.0163331306544976,0.0066404189496829
2024-07-12 04:00:00,228.92,232.64,228.68,230.54,53046527.0,224.312,224.89580302530663,70.80920572142507,202.1195191238591,218.127,234.1344808761409,14.677211785923706,0.8877249673464086,0.0130509293843652,0.0164207569798942,0.0075469186876505
2024-07-15 04:00:00,236.48,237.23,233.09,234.4,62623152.0,226.69,226.62383883888725,73.44352073247956,201.7535288309644,219.135,236.51647116903564,15.863710652370138,0.9391170301853954,0.0167432983430206,0.0142827562231471,0.0108466572094817
2024-07-16 04:00:00,235.0,236.27,232.33,234.82,41184278.0,228.497,228.1140499590896,73.72140920758802,201.8802754626966,220.2515,238.62272453730336,16.682042607930835,0.8965032371799215,0.0017918088737201,0.0129529715097737,0.0081153832492609
2024-07-17 04:00:00,229.45,231.4599,226.64,228.88,57345884.0,229.358,228.25331360289144,63.58716554328413,202.1982430363012,220.862,239.52575696369885,16.900831255443542,0.714801339719411,-0.0252959713823354,0.0162883838410073,0.0039617953382477
2024-07-18 04:00:00,230.28,230.44,222.27,224.18,66034585.0,229.621,227.51271112963843,56.91976001948862,202.89244597603167,221.3565,239.82055402396827,16.682640016415384,0.5764593733406217,-0.0205347780496329,0.0179970835047048,0.0013272125257936
2024-07-19 04:00:00,224.82,226.8,223.275,224.31,49151453.0,229.418,226.9304000151587,57.05389478847751,204.3889202499108,222.088,239.7870797500892,15.938798809561282,0.5627716251741517,0.0005798911588901,0.0165312155410429,-0.0007768385298362
2024-07-22 04:00:00,227.01,227.78,223.09,223.96,48201835.0,229.032,226.39032728512984,56.54344282870464,206.5217052788932,222.9115,239.3012947211068,14.705203384398532,0.5319863676709069,-0.0015603406000623,0.0163301524486203,-0.0015867561278825
2024-07-23 04:00:00,224.365,226.94,222.68,225.01,39960260.0,228.665,226.1393586878335,57.76427364746024,208.8211224057508,223.755,238.6888775942492,13.348419113985589,0.542018557875528,0.0046883372030719,0.0163659905104748,-0.0014954134092433
2024-07-24 04:00:00,224.0,224.8,217.13,218.54,61777576.0,227.221,224.75765710822736,48.68775010404328,210.6478781070225,224.2285,237.8091218929775,12.113198717359738,0.2905655556561251,-0.0287542775876628,0.016718030703954,-0.0062511979985151
2024-07-25 04:00:00,218.93,220.85,214.62,217.49,51391199.0,226.213,223.43626490673148,47.38643065509635,211.431676110039,224.4405,237.44932388996097,11.592225012830554,0.2328544048719217,-0.0048046124279307,0.0156192177479677,-0.0044095715084556
2024-07-26 04:00:00,218.7,219.49,216.01,217.96,41599345.0,224.955,222.44058037823484,48.055691513255816,212.1397139045036,224.6335,237.12728609549643,11.123706923051488,0.2329272348273374,0.0021610188974205,0.0146138603134075,-0.00549856255715
2024-07-29 04:00:00,216.96,219.3,215.75,218.24,36284528.0,223.339,221.67683849128304,48.47617660258273,213.86040752234769,225.0145,236.1685924776523,9.914109959715764,0.196322223723132,0.0012846393833731,0.012690760672055,-0.0070444284531148
2024-07-30 04:00:00,219.19,220.325,216.12,218.8,41493840.0,221.737,221.1537769474133,49.35911138906111,214.2341987062144,225.117,235.9998012937855,9.668573491815854,0.2097714168682297,0.0025659824046921,0.0127528629910328,-0.0069670111000176
2024-07-31 04:00:00,221.44,223.82,220.63,222.08,50036262.0,221.057,221.3221811387928,54.298995810343385,214.4581467636411,225.20750000000004,235.95685323635897,9.546176958013325,0.3545261314224246,0.0149908592321754,0.0126825078251323,-0.0029383280385665
2024-08-01 04:00:00,224.37,224.48,217.02,218.36,62477496.0,220.475,220.78360274992133,48.51836293508179,213.9958950421189,225.048,236.10010495788111,9.82199793633457,0.1974332027479135,-0.016750720461095,0.012144176770368,-0.0025599222797127
2024-08-02 04:00:00,219.15,225.6,217.71,219.86,105568560.0,220.03000000000003,220.6156749772084,50.79315704577727,213.46441137518693,224.724,235.98358862481305,10.020815422307422,0.2840063184332931,0.0068693899981682,0.0124829972669901,-0.0019309723957849
2024-08-05 04:00:00,199.09,213.5,196.0,209.27,119517900.0,218.561,218.55282498135227,38.02015428711701,210.78936768730253,223.7965,236.8036323126975,11.624071254642033,-0.0584051753598032,-0.0481670153734195,0.0192147023450154,-0.0065916398731206
2024-08-06 04:00:00,205.3,209.99,201.07,207.23,69579488.0,216.783,216.4941295301973,36.13505013064771,208.07120040401773,222.724,237.37679959598225,13.157809302977912,-0.0287044260213725,-0.0097481722177092,0.0188111303016924,-0.0080352908151987
2024-08-07 04:00:00,206.9,213.64,206.39,209.82,63516417.0,215.911,215.2806514337978,40.18968582952843,206.6795559652409,221.56600000000003,236.4524440347592,13.437480511232918,0.1054799933223251,0.0124981904164456,0.0182783978024303,-0.0039100440147879
2024-08-08 04:00:00,213.11,214.2,208.83,213.31,46801649.0,215.493,214.92235117310727,45.23515411093776,205.81985515269625,220.853,235.8861448473037,13.613711244405792,0.2491210230255701,0.0166333047373941,0.0193854726021668,-0.0017662522982554
2024-08-09 04:00:00,212.1,216.78,211.97,216.24,42201646.0,215.321,215.1619236870877,49.11605911909499,205.66599585406308,220.138,234.61000414593687,13.148119948338676,0.3653261856239049,0.0137358773615865,0.0199823915879953,-0.0006087664518388
2024-08-12 04:00:00,216.07,219.5099,215.6,217.53,38028092.0,215.25,215.5924830167081,50.77017602037324,206.361119196822,219.29450000000003,232.22788080317804,11.795444758694822,0.4317850441871142,0.0059655937846836,0.0200862303737215,-0.0001406710117078
2024-08-13 04:00:00,219.01,221.89,219.01,221.27,44155331.0,215.497,216.6247588318521,55.30642733686578,207.7538234848175,218.617,229.4801765151825,9.9380894579859,0.6221097713128441,0.0171930308463201,0.0208242541507387,0.0013220338324549
2024-08-14 04:00:00,220.57,223.03,219.7,221.72,41948574.0,215.461,217.55116631696987,55.83376020977598,208.3415489161775,218.259,228.1764510838225,9.087782023946344,0.6744903993348458,0.0020337144664888,0.0202751270440737,2.631935588632839e-05
2024-08-15 04:00:00,224.6,225.35,222.76,224.72,46398713.0,216.097,218.8545906229753,59.2828944336737,208.30150321748687,218.286,228.27049678251305,9.148087172345472,0.8221995129122877,0.0135305791087858,0.0197453995935173,0.0030544493128744
2024-08-16 04:00:00,223.92,226.8271,223.6501,226.05,44338440.0,216.716,220.16284687334343,60.7464644983459,208.15252427721623,218.37300000000005,228.59347572278384,9.360567215529198,0.8755696020531689,0.0059184763260946,0.0197272673688759,0.002959357945667
2024-08-19 04:00:00,225.72,225.99,223.04,225.89,40687813.0,218.378,221.2041474418264,60.46489026255008,208.0062777907562,218.4695,228.93272220924385,9.578657166555338,0.8545991785133016,-0.0007078080070781,0.0086717300693836,0.0077052786823011
2024-08-20 04:00:00,225.77,227.17,225.45,226.51,30299033.0,220.306,222.16884790694888,61.21511402642262,207.87534731574183,218.54450000000003,229.2136526842582,9.763826300143142,0.8732958106294929,0.0027446987471777,0.0065078358243088,0.0089545657787899
2024-08-21 04:00:00,226.52,227.98,225.05,226.4,34765480.0,221.964,222.9381482875036,60.993967343315234,207.73237639514792,218.9375,230.14262360485208,10.235910800892562,0.832994987969993,-0.0004856297735198,0.0069989634301256,0.0076561837597933
2024-08-22 04:00:00,227.79,228.34,223.9,224.53,43673321.0,223.086,223.22757587159384,57.21016393450897,207.8485499083331,219.28950000000003,230.73045009166697,10.434562613957286,0.7290238117469331,-0.0082597173144876,0.0078289374413021,0.0051668815546051
2024-08-23 04:00:00,225.6589,228.22,224.33,226.84,38647250.0,224.146,223.8843802585768,60.4722737091706,207.8526207816924,219.7335,231.6143792183076,10.813898853208665,0.7990729839694599,0.0102881574845232,0.0074776812650389,0.0048221095668988
2024-08-26 04:00:00,226.76,227.28,223.8905,227.18,30599408.0,225.111,224.48358384792644,60.94422247814745,207.8922934994559,220.1805,232.4687065005441,11.161938955124642,0.784805597940191,0.0014988538176687,0.0075349758529348,0.0043754355701973
2024-08-27 04:00:00,225.995,228.85,224.89,228.03,35934559.0,225.787,225.12838678466707,62.16058255577861,207.910548236748,220.642,233.3734517632521,11.540370159128422,0.790147586362643,0.0037415265428295,0.0060461148694256,0.0030302851398483
2024-08-28 04:00:00,227.92,229.86,225.68,226.49,37737167.0,226.264,225.3759528238185,58.59969157060834,207.8886171964591,220.8625,233.8363828035409,11.748379922839687,0.7168780189098097,-0.0067534973468402,0.0067987521945265,0.0021515639585154
2024-08-29 04:00:00,230.1,232.92,228.88,229.79,51906297.0,226.771,226.17850685585148,63.43365201766352,207.954284275994,221.43400000000003,234.91371572400604,12.174928623432727,0.8099471892095904,0.0145701796988828,0.0069971362142056,0.0022555240175251
2024-08-30 04:00:00,230.19,230.4,227.48,229.0,52988670.0,227.066,226.69150560933303,61.579963424964994,208.0410644044813,221.891,235.7409355955187,12.483548765401636,0.7566437927083282,-0.0034379215805735,0.0070780028710725,0.0013198842268582
2024-09-03 04:00:00,228.55,229.0,221.17,222.77,50175516.0,226.754,225.97850458945427,49.33589581647349,209.9844732246036,222.566,235.1475267753964,11.305883895470451,0.5081071241846008,-0.0272052401746724,0.0114999657823926,-0.0013298589899011
2024-09-04 04:00:00,221.66,221.78,217.48,220.85,43840196.0,226.188,225.04604920955347,46.28172254419167,212.7593823486925,223.247,233.7346176513076,9.395528406928214,0.3857223785374565,-0.0086187547694932,0.0116134791911823,-0.0024662043415682
2024-09-05 04:00:00,221.625,225.48,221.52,222.38,36615398.0,225.786,224.56131298963464,48.99158571207778,215.3599509690186,223.875,232.3900490309814,7.606967308526099,0.4122142459449996,0.0069277790355444,0.0119846405191953,-0.0017248634606618
2024-09-06 04:00:00,223.95,225.24,219.77,220.82,48423011.0,225.415,223.8810742642465,46.42029584157434,217.0752077411427,224.2505,231.4257922588573,6.3993545243888645,0.2609505037397365,-0.0070150193362712,0.0119154940325646,-0.0016003936628401
2024-09-09 04:00:00,220.82,221.27,216.71,220.91,67179965.0,224.822,223.3408789434744,46.59444387667736,218.10709667628416,224.484,230.86090332371583,5.681387826050721,0.2197699401598089,0.0004075717779186,0.0112088390805252,-0.0025884522335006
2024-09-10 04:00:00,218.92,221.48,216.73,220.11,51591033.0,224.115,222.75344640829724,45.18846744424561,218.7178253630602,224.613,230.5081746369398,5.249183829021294,0.118077472057935,-0.0036213842741387,0.0111179627222045,-0.0031004760426813
